id,semana,fecha,fecha_publicada,formato,tipo_recurso,redes,titulo,asset,copy,estado,estado_aprobacion,nota_revision
1,Semana 1,2026-07-16,2026-07-16,2x,Imagen,"Facebook,Instagram","Maletas listas? Viaja tranquilo","../2x/1Vacaciones.png","Salir de vacaciones se disfruta más cuando sabes que tu casa está protegida. Monitoreo 24/7, alertas y respuesta inmediata para disfrutar tranquilo. Escríbenos al 0967793615.",Publicado,aprobado,"Publicada según captura"
2,Semana 1,2026-07-18,2026-07-18,2x,Imagen,"Facebook,Instagram","¿Auto nuevo? Protégelo desde el primer día","../2x/3Auto Nuevo.png","¿Auto nuevo? Protégelo desde el primer día. Con Jasetron conoce su ubicación en tiempo real y cuida tu inversión desde que sale del concesionario. WhatsApp 0967793615.",Publicado,aprobado,"Publicada según captura"
3,Semana 1,2026-07-22,2026-07-22,2x,Imagen,"Facebook,Instagram","¿Quién puede ver tu ubicación?","../2x/5Ubicacion.png","Tu celular puede decir dónde estás sin que te des cuenta. Protege tu vehículo con ubicación en tiempo real, alertas y control desde tu celular. Solicita información al 0967793615.",Publicado,aprobado,"Publicada según captura"
4,Semana 1,2026-08-07,,Reel,Video,"Facebook,Instagram","Cerco eléctrico: disuasión y alerta","../Reels/Cerco Electrico.mp4","Un perímetro protegido no depende de la suerte. El cerco eléctrico disuade, alerta y se integra al monitoreo 24/7. Solicita una inspección técnica al 0967793615.",Programado,aprobado,"Un reel para completar la semana"
5,Semana 2,2026-08-10,,2x,Imagen,"Facebook,Instagram","Mujer de vacaciones, casa protegida","../2x/7Mujer Vacaciones.png","Salir de viaje no significa dejar tu casa a la suerte. Revisa accesos, recibe alertas y cuenta con monitoreo 24/7. Agenda una inspección al 0967793615.",Programado,aprobado,"Usar solo la versión impar"
6,Semana 2,2026-08-12,,2x,Imagen,"Facebook,Instagram","¿Un cerco eléctrico es mortal?","../2x/9Cerco Electrico.png","Un cerco eléctrico bien diseñado está pensado para disuadir y alertar, no para improvisar. Con instalación profesional y monitoreo 24/7, protege tu perímetro. Agenda una inspección al 0967793615.",Programado,aprobado,"Usar solo la versión impar"
7,Semana 2,2026-08-13,,Reel,Video,"Facebook,Instagram","Checklist antes de salir","../Reels/Check list.mp4","Antes de salir, revisa accesos y sistemas de seguridad. La prevención empieza con pequeños hábitos y se fortalece con monitoreo 24/7. Escríbenos al 0967793615.",Programado,aprobado,"Un reel para completar la semana"
8,Semana 2,2026-08-14,,2x,Imagen,"Facebook,Instagram","El checklist que evita dejar tu casa expuesta","../2x/11Check List.png","Antes de viajar, revisa accesos, cámaras, alarmas y puntos vulnerables. Un buen checklist reduce riesgos y te ayuda a salir con tranquilidad. Agenda una revisión al 0967793615.",Programado,aprobado,"Usar solo la versión impar"
9,Semana 3,2026-08-17,,2x,Imagen,"Facebook,Instagram","La basura también puede revelar tus rutinas","../2x/13Basura.png","Tus hábitos pueden entregar información sobre tu casa. Evita exponer rutinas y combina prevención con monitoreo 24/7. Protege tu hogar con Jasetron: 0967793615.",Programado,aprobado,"Usar solo la versión impar"
10,Semana 3,2026-08-19,,2x,Imagen,"Facebook,Instagram","Rastrea lo que más te importa","../2x/15Reastrearlo .png","Con GPS Jasetron conoce la ubicación de tu vehículo en tiempo real, recibe alertas y actúa antes de que el riesgo avance. Solicita información al 0967793615.",Programado,aprobado,"Usar solo la versión impar"
11,Semana 3,2026-08-20,,Reel,Video,"Facebook,Instagram","La tecnología se nota cuando responde","../Reels/Es tecnologia.mp4","La tecnología importa cuando te permite reaccionar a tiempo. Con monitoreo 24/7 y respaldo real, tu seguridad no queda en manos de una pantalla. 0967793615.",Programado,aprobado,"Un reel para completar la semana"
12,Semana 3,2026-08-21,,2x,Imagen,"Facebook,Instagram","Una cámara registra; el monitoreo responde","../2x/17Camara Gratis.png","Una cámara puede mostrar lo que ocurrió. El monitoreo 24/7 verifica la alerta y activa una respuesta. Conoce la promoción de cámara gratis al contratar tu plan.",Programado,aprobado,"Usar solo la versión impar"
13,Semana 4,2026-08-24,,2x,Imagen,"Facebook,Instagram","Grabar no es lo mismo que responder","../2x/19Grabar.png","Una cámara puede grabar lo que ocurrió. El monitoreo 24/7 verifica la alerta y activa una respuesta cuando todavía importa. Agenda tu diagnóstico al 0967793615.",Programado,aprobado,"Usar solo la versión impar"
14,Semana 4,2026-08-26,,2x,Imagen,"Facebook,Instagram","La tecnología debe ayudarte a estar tranquilo","../2x/21Es Tecno .png","La tecnología de seguridad no debe complicarte la vida. Con Jasetron controlas, recibes alertas y cuentas con respaldo cuando más lo necesitas. WhatsApp 0967793615.",Programado,aprobado,"Usar solo la versión impar"
15,Semana 4,2026-08-27,,Reel,Video,"Facebook,Instagram","Vigila tu casa desde donde estés","../Reels/Camara Gratis.mp4","Tu casa puede estar bajo control incluso cuando estás lejos. Con una cámara EZVIZ y monitoreo 24/7, recibe alertas desde tu celular. Confirma la promoción antes de publicar.",Programado,aprobado,"Verificar que el número del video ya esté corregido"
16,Semana 4,2026-08-28,,2x,Imagen,"Facebook,Instagram","Recuperarlo intacto no es suerte","../2x/23Devuelve.png","Recuperar tu auto intacto no es suerte, es prevención y tecnología. Protege tu patrimonio con GPS, monitoreo y respuesta Jasetron. Instala hoy: 0967793615.",Programado,aprobado,"Usar solo la versión impar"
17,Semana 4,2026-08-29,,2x,Imagen,"Facebook,Instagram","Protege tu vehículo y mantenlo intacto","../2x/25Intacto .png","Tu vehículo es una inversión. Protégelo con rastreo en vivo, alertas inteligentes y bloqueo satelital. Solicita una demostración al 0967793615.",Programado,aprobado,"Extra solicitado: dejarlo en Semana 4 para decidir si se conserva"
